<?xml version="1.0"?>
<!DOCTYPE hibernate-mapping PUBLIC "-//Hibernate/Hibernate Mapping DTD 3.0//EN"
"http://hibernate.sourceforge.net/hibernate-mapping-3.0.dtd">
<!-- Generated 25 Mar, 2019 3:11:28 PM by Hibernate Tools 3.5.0.Final -->
<hibernate-mapping>
    <class name="com.Tom.student" table="STUDENT">
        <id name="roll" type="int">
            <column name="ROLL" />
            <generator class="assigned" />
        </id>
        <property name="age" type="int">
            <column name="AGE" />
        </property>
        <property name="name" type="java.lang.String">
            <column name="NAME" />
        </property>
        <property name="gender" type="java.lang.String">
            <column name="GENDER" />
        </property>
        <property name="city" type="java.lang.String">
            <column name="CITY" />
        </property>
    </class>
</hibernate-mapping>
